ID,OS
1,Android
2,Android
3,Android
4,Android
5,Android
6,Android
7,Android
8,Android
9,Android
10,Android
11,Android
12,Android
13,Android
14,Android
15,Android
16,Android
17,Android
18,Android
19,Android
20,Android
21,Android
22,Android
23,Android
24,Android
25,Android
26,Android
27,Android
28,Android
29,Android
30,Android
31,Android
32,Android
33,Android
34,Android
35,Android
36,Android
37,Android
38,Android
39,Android
40,Android
41,Android
42,Android
43,Android
44,Android
45,Android
46,Android
47,Android
48,Android
49,Android
50,Android
51,Android
52,Android
53,Android
54,Android
55,Android
56,Android
57,Android
58,Android
59,Android
60,Android
61,Android
62,Android
63,Android
64,Android
65,Android
66,Android
67,Android
68,Android
69,Android
70,Android
71,Android
72,Android
73,iOS
74,iOS
75,iOS
76,iOS
77,iOS
78,iOS
79,iOS
80,iOS
81,iOS
82,iOS
83,iOS
84,iOS
85,iOS
86,iOS
87,iOS
88,iOS
89,iOS
90,iOS
91,iOS
92,iOS
93,iOS
94,iOS
95,iOS
96,iOS
97,iOS
98,iOS
99,iOS
100,Other
